댓글 작성자,댓글 내용,댓글 작성 시간
다연,침하,2024-01-27 14:29:00
JW,ㅊㅎ,2024-01-27 14:29:03
사이,치마,2024-01-27 14:29:04
L.K,ㅊㅎ,2024-01-27 14:29:06
duna,3부인가요,2024-01-27 14:29:07
mis0,침또하,2024-01-27 14:29:07
유별,침하이,2024-01-27 14:29:09
박뱅,침하하,2024-01-27 14:29:10
꾸이,침하하,2024-01-27 14:29:10
둘기 비,치마,2024-01-27 14:29:11
윤수지,하이,2024-01-27 14:29:12
LineX,리하,2024-01-27 14:29:14
너룡조,ㅊㅎ,2024-01-27 14:29:14
Yo! Yo! Yo!,응애애애,2024-01-27 14:29:16
L.K,응애~ 음~,2024-01-27 14:29:19
꾸이,침하하하하,2024-01-27 14:29:19
빙그르르르,내일 감스트님이랑 합방임??,2024-01-27 14:29:22
duna,설레게 자꾸 끄실거예용,2024-01-27 14:29:22
후로록,뭔데 뭔데,2024-01-27 14:29:23
워니,치마,2024-01-27 14:29:24
윤세현,하이,2024-01-27 14:29:24
성지고,와 3부 시작,2024-01-27 14:29:24
태식 정,침하,2024-01-27 14:29:25
잠잠잠,캬 3부 달달하다,2024-01-27 14:29:25
두부고백,즉시 3부,2024-01-27 14:29:27
후로록,방종뮤직몬데,2024-01-27 14:29:28
라타타탐,1일 3방!,2024-01-27 14:29:29
꾸이,나 갤24샀어요 침맨,2024-01-27 14:29:31
꼬부기,드가자,2024-01-27 14:29:33
Derek Heo,침하,2024-01-27 14:29:33
Shish Ha,미라클 방송???,2024-01-27 14:29:33
잠잠잠,삼 연 방,2024-01-27 14:29:38
MJ,침바,2024-01-27 14:29:39
Circle,3부 침하,2024-01-27 14:29:39
우주,침하,2024-01-27 14:29:42
Ol,행복사,2024-01-27 14:29:43
엄Sorry,삼각전략인가요,2024-01-27 14:29:43
gonnagotosleep,뭐여 벌써 3부야?,2024-01-27 14:29:46
Yo! Yo! Yo!,응애애애,2024-01-27 14:29:46
윤세현,하이하이,2024-01-27 14:29:46
백가지,침바,2024-01-27 14:29:46
참새,침사장 문열어,2024-01-27 14:29:49
Seokwon Joo,LCK시작과 함께 ㄷㄷ,2024-01-27 14:29:50
웃음을참지못하는병이있어요,ㅎㄷㄷ,2024-01-27 14:29:54
인천뼈구너사우르스,침하,2024-01-27 14:29:54
방죠,오뱅알,2024-01-27 14:29:54
박,ㅎㅇ,2024-01-27 14:29:58
딸기,고생요,2024-01-27 14:30:03
h,침하!!!,2024-01-27 14:30:06
하잇하잇,침하,2024-01-27 14:30:10
Dustin Kim,응애에,2024-01-27 14:30:10
BooGie,호으호우,2024-01-27 14:30:12
김원영,침하~~~~~,2024-01-27 14:30:12
캐로멜,침하,2024-01-27 14:30:13
mengsoon,와 그림 개머싯서,2024-01-27 14:30:16
웃음을참지못하는병이있어요,쾅쾅쾅 이병건 나와!!!!,2024-01-27 14:30:16
1Q88,응애,2024-01-27 14:30:18
애니드림,:eyes-purple-crying:,2024-01-27 14:30:19
Yo! Yo! Yo!,응애애애,2024-01-27 14:30:22
꾸이,오옹 나이스,2024-01-27 14:30:22
윤날개,알람 겁나게오네 진짜,2024-01-27 14:30:23
캐로멜,쉬즈곤 잘 들었습니다 ㅋㅋ,2024-01-27 14:30:24
기둘둘기,침바,2024-01-27 14:30:25
윤세현,침하이,2024-01-27 14:30:28
노올걀라거,대변건,2024-01-27 14:30:29
김철수,침하,2024-01-27 14:30:31
개인,3연방.. 이걸 해내는 대 병 건,2024-01-27 14:30:31
죄송합니다,3연벙,2024-01-27 14:30:34
재밌는겜,ㅋㅋㅋ,2024-01-27 14:30:37
고라니,야이 짱구야 언제와,2024-01-27 14:30:40
강감찬,ㅋㅋㅋ,2024-01-27 14:30:41
병건업고튀어,침바,2024-01-27 14:30:42
Ol,ㅋㅋㅋㅋㅋㅋㅋㅋㅋㅋㅋㅋㅋ,2024-01-27 14:30:42
꾸이,자~~~~~,2024-01-27 14:30:44
안녕,침하,2024-01-27 14:30:45
최혜지,ㅋㅋㅋㅋㅋ,2024-01-27 14:30:47
경운조월,재욱씨 알림 그만보내세요,2024-01-27 14:30:48
유별,늦점 먹으먄서 봐야게따~~먹방해주라 반장,2024-01-27 14:30:49
Yo! Yo! Yo!,:panda:응애애애,2024-01-27 14:30:49
eech,삼고초려 방송법,2024-01-27 14:30:50
Christina Choi,침하~,2024-01-27 14:30:52
꾸이,개병건ㄷㄷ,2024-01-27 14:30:52
JY Kim,침뚝이 떳다ㅏㅏㅏㅏㅏㅏㅏㅏㅏㅏㅏㅏ,2024-01-27 14:30:53
어랍쇼,이히힝 타이밍 지렸다 사랑해 병건이형,2024-01-27 14:30:54
스콜,응애애애,2024-01-27 14:30:54
김떡순,어이이이잇,2024-01-27 14:30:55
PGH,그림 쩐다,2024-01-27 14:30:56
초베리롱,팬아트 미쳤네 이전꺼도 진짜 좋았는데 이건 더하구만,2024-01-27 14:31:01
hado,오 본방,2024-01-27 14:31:01
제주 도지사,ㅎㅇㅎㅇ,2024-01-27 14:31:01
로뮤엘,응애에에에에,2024-01-27 14:31:02
AHJ,노캠방송 ㄷㄷ,2024-01-27 14:31:02
김유현,침하하,2024-01-27 14:31:03
무뇌율,젠장 또 대병건이야,2024-01-27 14:31:04
김철수,천둥침바오!,2024-01-27 14:31:04
고양이사촌,야이 짱구야,2024-01-27 14:31:07
코코잡덕집사,그럴때도있죠,2024-01-27 14:31:09
은하,점심 뭐드셨어요??,2024-01-27 14:31:10
지코비,침하,2024-01-27 14:31:12
다연DY,왜안대,2024-01-27 14:31:13
슥슥삭,으애애애애ㅐㅐ애,2024-01-27 14:31:18
ONE EYE,어제 미쳤었지 ,2024-01-27 14:31:19
Thomas,치마~,2024-01-27 14:31:21
놉놉,캠키지,2024-01-27 14:31:23
놉놉,캠키자,2024-01-27 14:31:25
슥슥삭,응애애애애애애,2024-01-27 14:31:26
fewfe dldldl,확실히 본채널로 키니까 알람 빡시긴 하다ㅋㅋ,2024-01-27 14:31:31
꾸이,ㅋㅋㅋ,2024-01-27 14:31:33
두둥등장,ㅋ,2024-01-27 14:31:33
Yo! Yo! Yo!,ㅋㅋㅋㅋㅋ,2024-01-27 14:31:33
AHJ,ㅋㅋㅋㅋㅋㅋㅋㅋㅋㅋㅋㅋ,2024-01-27 14:31:34
cbte,랄지,2024-01-27 14:31:34
캐로멜,ㅋㅋㅋㅋㅋㅋ,2024-01-27 14:31:34
jun정,ㅋㅋㅋㅋㅋㅋㅋ,2024-01-27 14:31:35
bbol 4,ㅋㅋㅋ,2024-01-27 14:31:36
dox,ㅋㅋㅋㅋ,2024-01-27 14:31:36
Ol,ㅋㅋㅋㅋㅋㅋㅋㅋㅋㅋㅋㅋㅋㅋㅋㅋㅋㅋㅋㅋㅋㅋㅋㅋㅋㅋㅋㅋㅋ,2024-01-27 14:31:36
뭘봐,ㅋㅋㅋㅋㅋㅋㅋㅋㅋ,2024-01-27 14:31:36
K SH,zzzzzz,2024-01-27 14:31:37
로뮤엘,:elbowcough:,2024-01-27 14:31:37
둘기 비,ㅋㅋㅋㅋㅋㅋㅋㅋㅋㅋ,2024-01-27 14:31:37
고라니,ㄲㅂ,2024-01-27 14:31:37
Ben J,ㅋㅋㅋㅋㅋㅋㅋㅋㅋㅋㅋㅋㅋㅋㅋㅋㅋㅋㅋㅋㅋ,2024-01-27 14:31:39
mumu,ㅋㅋㅋㅋㅋ,2024-01-27 14:31:39
Daewoong Kim,야랄 ㄴ ㅋㅋㅋㅋ,2024-01-27 14:31:40
뭘봐,침-하,2024-01-27 14:31:42
곽지수,ㅋㅋㅋㅋㅋㅋㅋㅋㅋㅋㅋㅋㅋㅋ,2024-01-27 14:31:43
이잉,오,2024-01-27 14:31:44
why so serious,보인다~:hand-pink-waving::hand-pink-waving::hand-pink-waving:,2024-01-27 14:31:46
캐로멜,캠하,2024-01-27 14:31:46
최서영,와ㅏㅏ,2024-01-27 14:31:46
D Y,스투디오는요?/,2024-01-27 14:31:47
잠잠잠,유트브 없어짐,2024-01-27 14:31:48
꾸이,갤24사써요 칭찬좀요,2024-01-27 14:31:49
_oreore,카와이~~,2024-01-27 14:31:49
애니드림,안뇽하세욧,2024-01-27 14:31:51
우주,유튜브는 채팅 안 나오나,2024-01-27 14:31:52
곽지수,야랄ㄴ는 ㅇㅈ이지 ㅋㅋㅋㅋㅋㅋㅋㅋㅋㅋ,2024-01-27 14:31:53
뭘봐,:hand-pink-waving::hand-pink-waving::hand-pink-waving:,2024-01-27 14:31:57
유상훈,침하!,2024-01-27 14:31:57
사과키위,목 괜챃아요?,2024-01-27 14:31:58
coxni,개꿀잠 잔 얼굴이네,2024-01-27 14:31:59
FINETHANKYOUANDYOU,어 생이네,2024-01-27 14:32:00
AHJ,이게 ㄹㅇ미라클이지,2024-01-27 14:32:01
핑크아루,침하,2024-01-27 14:32:01
김도연,존잘맨,2024-01-27 14:32:02
잠잠잠,유트브 채팅 안나옴,2024-01-27 14:32:02
캐로멜,토요일에 키실줄이야,2024-01-27 14:32:02
박성원,아쉬우면 미라클 다시 시작하시는게?,2024-01-27 14:32:03
지코비,쭈압,2024-01-27 14:32:04
꾸이,ㅋㅋ은퇴?,2024-01-27 14:32:06
놉놉,오붓했나요,2024-01-27 14:32:06
강아지강씨,대.병.건,2024-01-27 14:32:06
김철수,ㅋㅋㅋㅋ,2024-01-27 14:32:10
안녕,궤소문 ㄷㄷ,2024-01-27 14:32:10
Ol,세상에,2024-01-27 14:32:11
Green jade,방가방가,2024-01-27 14:32:12
하배고파,ㅋㅋㅋ,2024-01-27 14:32:13
dox,궤소문,2024-01-27 14:32:13
꾸이,ㅋㅋㅋㅋㅋㅋㅋㅋㅋ,2024-01-27 14:32:16
로뮤엘,은퇴하셧구나 ,2024-01-27 14:32:16
한유화,ㄹㅇ??,2024-01-27 14:32:19
유상훈,침하,2024-01-27 14:32:19
지팩,정상수형 은퇴 당할뻔한거 생각나네 ㅋㅋㅋ,2024-01-27 14:32:21
젤다링크,오늘 와줘서 감사하다 ㅎㅎ 몸살나서 몸져누워있을줄 알았징,2024-01-27 14:32:22
이잉,요아소비 싸인이다,2024-01-27 14:32:23
캐로멜,배도라지의 힘이 ㅋㅋ,2024-01-27 14:32:25
제슈콜,유튜브는 왜 채팅에 안나옴,2024-01-27 14:32:26
경운조월,유투브 채팅 살려줘,2024-01-27 14:32:26
한유화,은퇴하셨군요 ,2024-01-27 14:32:29
뭘봐,ㅋㅋㅋㅋㅋㅋㅋ강제 은퇴,2024-01-27 14:32:29
coxni,소문의 무서움,2024-01-27 14:32:30
Ol,ㅋㅋㅋㅋㅋㅋㅋㅋㅋㅋㅋㅋㅋㅋㅋㅋㅋ,2024-01-27 14:32:30
최서영,??ㅋㅋㅋㅋㅋ,2024-01-27 14:32:30
바본가봐,은퇴 축하,2024-01-27 14:32:30
Yo! Yo! Yo!,엥? 그런 소문 첨들어봄 ,2024-01-27 14:32:31
hhhi_,은퇴설ㅋㅋㅋㅋㅋㅋㅋㅋㅋㅋㅋㅋㅋㅋㅋㅋㅋㅋㅋㅋㅋㅋㅋㅋㅋㅋㅋㅋㅋㅋㅋㅋㅋㅋㅋㅋㅋㅋㅋㅋㅋ,2024-01-27 14:32:32
mumu,방금전에 보고왔는데 ㄷㄷ,2024-01-27 14:32:33
흐-뭇,쉬즈곤 잘들었어요:red_heart:,2024-01-27 14:32:34
꾸이,그쪽은 애초에 침착맨 구독도안한사람들임,2024-01-27 14:32:35
유형모,안녕하세요,2024-01-27 14:32:37
이병건들근들,은퇴 번복,2024-01-27 14:32:37
이유찬,번복맨,2024-01-27 14:32:37
젤다링크,오킹 한테 왜 그케 말했어 ㅋㅋㅋㅋ,2024-01-27 14:32:38
핑크아루,헐,2024-01-27 14:32:39
서랍과봉지,소년미 티셔츠네요 반가워요,2024-01-27 14:32:41
김철수,ㅋㅋㅋㅋ,2024-01-27 14:32:42
mengsoon,ㅋㅋㅋㅋㅋㅋㅋㅋㅋㅋㅋㅋ,2024-01-27 14:32:42
아구몬,정상영업중,2024-01-27 14:32:42
삐깨삐갯피캐쮸,응애세력,2024-01-27 14:32:43
전전컴의망령,응애셀혁,2024-01-27 14:32:43
놉놉,오킹채널 처들어가,2024-01-27 14:32:45
전전컴의망령,응애세력,2024-01-27 14:32:46
구월십오일,이거 ai죠?,2024-01-27 14:32:47
Christina Choi,잔당 ㅋㅋㅋㅋ,2024-01-27 14:32:48
Mvl6mSBJcJ7C5iyKgEQ,복귀 방송해줘세요 ㅋㅋ,2024-01-27 14:32:51
잠잠잠,패잔병은 버려,2024-01-27 14:32:51
오라쿠,자는놈들 깨워,2024-01-27 14:32:52
박정민,웹툰작가 다시 데뷔하죠,2024-01-27 14:32:54
JY Kim,침숭이는 살아있다!!!!,2024-01-27 14:32:54
한유화,그건 침책맨팬이아님,2024-01-27 14:32:55
Johnjo Park,ㅋㅋㅋㅋㅋㅋㅋㅋㅋㅋㅋ,2024-01-27 14:32:57
_oreore,오늘 왜케 귀여워요,2024-01-27 14:32:57
지팩,정상수 은퇴보단 낫지,2024-01-27 14:32:57
꾸이,헉,2024-01-27 14:32:58
박주형,c.va,2024-01-27 14:32:58
빅펀,ㅋㅋㅋㅋㅋㅋㅋㅋㅋ,2024-01-27 14:33:00
라즈리,유튜브 채팅안보여 ㅜ,2024-01-27 14:33:00
S Rainlight,왜또욕이야,2024-01-27 14:33:01
젤다링크,ㅋㅋㅋㅋㅋ,2024-01-27 14:33:01
Seokwon Joo,ㅋㅋㅋㅋㅋㅋㅋㅋㅋ,2024-01-27 14:33:02
토마토,쉬바~,2024-01-27 14:33:03
위로,ㅋㅋㅋㅋㅋㅋㅋㅋㅋㅋㅋ,2024-01-27 14:33:04
구차차,유튜브.. 채팅..,2024-01-27 14:33:04
mengsoon,쒸바 ㅋㅋㅋㅋㅋ,2024-01-27 14:33:04
쿤하로,은퇴번복맨이 되어버린,2024-01-27 14:33:07
Daewoong Kim,어셈블,2024-01-27 14:33:07
두루미,ㅋㅋㄱㄱㅋㄱㄱ,2024-01-27 14:33:11
전전컴의망령,벤하죠,2024-01-27 14:33:12
최서영,헉,2024-01-27 14:33:12
로뮤엘,ㅋㅋㅋ,2024-01-27 14:33:12
빅펀,황건적이다,2024-01-27 14:33:13
창창이,ㅋㅋㅋ,2024-01-27 14:33:13
Seokwon Joo,ㅋㅋㅋㅋㅋㅋㅋㅋㅋㅋㅋ,2024-01-27 14:33:13
최문규,딱대,2024-01-27 14:33:14
꾸이,갤24삿어요 칭찬좀,2024-01-27 14:33:14
김현동,기강잡자,2024-01-27 14:33:14
야행성배달꾼,ㅋㅋㅋㅋㅋㅋㅋㅋ,2024-01-27 14:33:15
염염,딸깍,2024-01-27 14:33:15
나옹이다옹,3트 감사하다,2024-01-27 14:33:16
캐로멜,잘가라,2024-01-27 14:33:16
mumu,기강잡으신다 ㄷㄷ,2024-01-27 14:33:16
두둥등장,잘가라,2024-01-27 14:33:18
니얼구루,공개처형ㅋㅋㅋ,2024-01-27 14:33:19
L.K,은퇴식했잖아 근데,2024-01-27 14:33:20
하 런,딸깍,2024-01-27 14:33:22
초초,치지직 검거,2024-01-27 14:33:24
뭐랭,치마!!!,2024-01-27 14:33:24
고철,공개재판,2024-01-27 14:33:25
써제,충성,2024-01-27 14:33:26
KadoiRo Gracias,ㅋㅋ 딸깍,2024-01-27 14:33:27
젤다링크,기자 찾아내? ㅋㅋㅋㅋ,2024-01-27 14:33:28
캐로멜,잡담이라며,2024-01-27 14:33:28
Ranndjdjdkekwlwasdd,왜켰어요?,2024-01-27 14:33:28
오라쿠,ㅋㅋㅋㅋㅋㅋㅋㅋㅋㅋㅋ,2024-01-27 14:33:30
애니드림,헷,2024-01-27 14:33:30
Seokwon Joo,ㅔ,2024-01-27 14:33:30
김현동,오히려좋아,2024-01-27 14:33:31
MJ Song,아,2024-01-27 14:33:31
minjun kim,ㅋㅋㅋㅋ,2024-01-27 14:33:31
김도형,공감해 그냥~,2024-01-27 14:33:32
Rahee,ㅋㅋㅋㅋㅋㅋㅋ,2024-01-27 14:33:32
dorandoran,ㅋㅋㅋㅋㅋㅋㅋㅋㅋㅋㅋ,2024-01-27 14:33:33
아구몬,예,2024-01-27 14:33:33
아이지,ㅔ,2024-01-27 14:33:33
꼬부기,네,2024-01-27 14:33:33
최서영,야이짱구야,2024-01-27 14:33:34
젤다링크,딸깍,2024-01-27 14:33:34
7870 jiyun,응 싫은데,2024-01-27 14:33:34
두루미,일방통행ㅋㄱㄱㄱㄱ,2024-01-27 14:33:35
흐-뭇,아프 도우미에 유튭이 없넹 ....,2024-01-27 14:33:36
jeon,방청 모드 ㅇㅋ,2024-01-27 14:33:36
Djdmc,ㅋㅋㅋㅋㅋㅋㅋㅋㅋㅋ,2024-01-27 14:33:36
이전압,ㅋㅋㅋㅋㅋㅋ예?,2024-01-27 14:33:37
개인,ㅋㅋㅋㅋㅋㅋㅋ,2024-01-27 14:33:37
aiu,이게 맞지,2024-01-27 14:33:38
Yo! Yo! Yo!,응애애애:panda:,2024-01-27 14:33:38
임수넨,왜케 심술맨,2024-01-27 14:33:39
Green jade,아,2024-01-27 14:33:39
Z,병견이 귀엽노 ㅋㅋ,2024-01-27 14:33:39
Roto,ㄷ ㄷ ㄷ,2024-01-27 14:33:39
두부고백,유툽 채팅 안나와 ㅠ,2024-01-27 14:33:39
잉잉,예쑤,2024-01-27 14:33:40
써제,엣서,2024-01-27 14:33:40
MJ Song,언젠 소통했데요,2024-01-27 14:33:40
뽀뽀,유튜브는 왜 채팅 안 뜨나요,2024-01-27 14:33:41
둘기 비,ㅊㅊㅊㄹ!,2024-01-27 14:33:41
Lappis WK,안산식 소통,2024-01-27 14:33:42
강종욱,삼각전락하나요?,2024-01-27 14:33:43
사이,정일맨.....,2024-01-27 14:33:43
mumu,네,2024-01-27 14:33:44
곱창,삼각전략 제발 해주세요!!,2024-01-27 14:33:44
젤다링크,즉시 딸깍,2024-01-27 14:33:44
전전컴의망령,개청자들은 들어라,2024-01-27 14:33:44
한유화,싫음맨,2024-01-27 14:33:44
슈컵,개청자 차려,2024-01-27 14:33:45
하양호,오히려 좋아,2024-01-27 14:33:46
Djdmc,너무 좋아,2024-01-27 14:33:46
이병건들근들,이상하다 은퇴식 했는데?,2024-01-27 14:33:46
7870 jiyun,나댈껀데 에베베베베,2024-01-27 14:33:46
곱창,삼각전략!,2024-01-27 14:33:46
잠잠잠,유튜브 채팅창은 버리셧구나,2024-01-27 14:33:47
유튭,누가 저기가서 알려줘요 유튭웨건~,2024-01-27 14:33:48
jeon,리액션만 하면되는 방청객 모드 입니다,2024-01-27 14:33:48
김수진,하잇!!!,2024-01-27 14:33:48
지나가,침수령 ㄷㄷ,2024-01-27 14:33:48
캐로멜,그러네 유튭챗 안보임,2024-01-27 14:33:49
혁,우리 왜 채팅에 없음?,2024-01-27 14:33:49
임수넨,뭔 심술이 단단히 나버렸어,2024-01-27 14:33:50
Bada In to the,팔 진자 소년미 있다.,2024-01-27 14:33:51
#ffffff,왓어 미라클,2024-01-27 14:33:51
김도형,ㅂㄹㅂㄹㅂㄹ,2024-01-27 14:33:51
엄Sorry,삼각전략,2024-01-27 14:33:53
나옹이다옹,과연 ??,2024-01-27 14:33:53
곱창,삼각전략!!!,2024-01-27 14:33:53
HJ K,십오야 나영석피디와 넘 재밌었어요,2024-01-27 14:33:53
L.K,중대발표,2024-01-27 14:33:53
김수진,바로바로바로바로바로바로,2024-01-27 14:33:55
SMIN,유튜브채팅은 뜨지도않앜ㅋㅋㅋ,2024-01-27 14:33:55
Yo! Yo! Yo!,심각전략? ,2024-01-27 14:33:55
둘기 비,삼각전략하겠지 또,2024-01-27 14:33:56
고래들,바로바로바로,2024-01-27 14:33:56
젤다링크,침 정 일,2024-01-27 14:33:56
박정민,전 아직도 삼국지를 기다려요,2024-01-27 14:33:56
이동욱,치매맴,2024-01-27 14:33:56
teipr,마크,2024-01-27 14:33:56
이병건들근들,?,2024-01-27 14:33:57
니얼구루,지도모름,2024-01-27 14:33:57
이전압,Baro,2024-01-27 14:33:57
김준영,야이 짱구야,2024-01-27 14:33:58
뮥뮥,??,2024-01-27 14:33:58
김철수,심심해서,2024-01-27 14:33:58
나옹이다옹,ㅋㅋㅋㅋ,2024-01-27 14:33:58
무능빈,?,2024-01-27 14:33:59
pipi5243,유튜브는 왜 채팅 없어,2024-01-27 14:33:59
개인,바로바로바로,2024-01-27 14:34:00
꾸이,삼각전략,2024-01-27 14:34:00
hari,킹갓전략?,2024-01-27 14:34:01
방죠,삼각전략,2024-01-27 14:34:01
최서영,야이 짱구야,2024-01-27 14:34:01
안산83,ㅋㅋㅋㅋㅋㅋㅋㅋㅋㅋㅋ,2024-01-27 14:34:01
Ryan You,??,2024-01-27 14:34:01
링딩동,킹갓전략,2024-01-27 14:34:01
dw han,삼각전략,2024-01-27 14:34:01
코코잡덕집사,뭐할 예정이세용?,2024-01-27 14:34:03
Reenact,하..,2024-01-27 14:34:03
곱창,킹갓!!!,2024-01-27 14:34:04
최문규,우리도 채팅에 넣어달라!!,2024-01-27 14:34:04
곱창,킹갓전략!,2024-01-27 14:34:06
아구몬,?,2024-01-27 14:34:06
두부고백,우리도 챠팅 띄워조,2024-01-27 14:34:06
L.K,은퇴번복선언,2024-01-27 14:34:07
꾸이,삼각전략ㄱㄱ,2024-01-27 14:34:07
BLACK,롤?,2024-01-27 14:34:07
박진영,침죠씨,2024-01-27 14:34:08
놉놉, 유튭애들 무시,2024-01-27 14:34:08
Johnjo Park,치매맨,2024-01-27 14:34:09
젤다링크,침 정 은 사릉해,2024-01-27 14:34:11
로뮤엘,ㅠㅠ40,2024-01-27 14:34:11
솜미,졸라카리스마있어,2024-01-27 14:34:12
뮥뮥,헉...,2024-01-27 14:34:14
으어이,운동방송?,2024-01-27 14:34:14
망고스무디,lol,2024-01-27 14:34:14
K SH,정계출마 ㄷㄷㄷㄷㄷ,2024-01-27 14:34:14
이동욱,병건을 건강하게,2024-01-27 14:34:15
정윤,끄자 그럼,2024-01-27 14:34:15
무난,섬망 아저씨 ,2024-01-27 14:34:15
갱모,40맨,2024-01-27 14:34:15
김도연,우리 여기있어…,2024-01-27 14:34:15
아구몬,ㅋㅋㅋㅋㅋㅋㅋㅋㅋㅋㅋㅋㅋ,2024-01-27 14:34:16
뭘봐,붕어맨,2024-01-27 14:34:16
곱창,킹갓전략/!!!!!!!!!!!!!!!,2024-01-27 14:34:16
KiM Hyun-woo,ㅜㅜ,2024-01-27 14:34:16
주한,치매맨,2024-01-27 14:34:17
김현동,아 늙기 싫다,2024-01-27 14:34:18
Pre Malone,우와침착맨이다 우하하 재밌다,2024-01-27 14:34:19
꾸이,ㄹㅇ,2024-01-27 14:34:19
으어이,사이클방송?,2024-01-27 14:34:19
IS H,헉 은퇴발표...,2024-01-27 14:34:19
경운조월,메멘토여,2024-01-27 14:34:19
이잉,치매맨,2024-01-27 14:34:20
로뮤엘,치매와써??,2024-01-27 14:34:20
이병건들근들,유튭 시청자수는 왜 표시안해줘요,2024-01-27 14:34:20
핑크아루,유튭 채팅 안보여요,2024-01-27 14:34:20
리보,아 늙기 싫다,2024-01-27 14:34:20
루바나,나도그런데...,2024-01-27 14:34:21
개인,치매가ㄷㄷㄷㄷ,2024-01-27 14:34:22
구차차,우리 여기있어..,2024-01-27 14:34:22
꾸이,기억이잘안나,2024-01-27 14:34:22
김수진,넹,2024-01-27 14:34:23
빅펀,늙기싫다,2024-01-27 14:34:23
아구몬,노화이슈,2024-01-27 14:34:24
젤다링크,ㅋㅋㅋㅋ,2024-01-27 14:34:25
Green jade,아 뭐야,2024-01-27 14:34:25
Lappis WK,어둠의 세력 유튜브,2024-01-27 14:34:26
전전컴의망령,늙어버린 침착맨.. ,2024-01-27 14:34:26
AHJ,원박으로가나,2024-01-27 14:34:28
Yo! Yo! Yo!,본채널 테스트 현황 발표 ,2024-01-27 14:34:28
놉놉,우리 버려?,2024-01-27 14:34:29
캐로멜,ㅇㅎ,2024-01-27 14:34:30
꾸이,?,2024-01-27 14:34:31
오라쿠,또 은퇴야?,2024-01-27 14:34:31
이상한사탕,그게 뭐였더라 도 잦아짐,2024-01-27 14:34:31
김차가운심장,뒤에 clamdown man 간지,2024-01-27 14:34:31
두부고백,우리 버리지마,2024-01-27 14:34:32
SURIN,저희랑도 소통해주세요.....,2024-01-27 14:34:34
젤다링크,ㅋㅋㅋㅋ 나두 그래,2024-01-27 14:34:37
유부우동,유튭안나오는거 알려줘요,2024-01-27 14:34:37
IamMIMI,슬프게도 진짜임 ㅠ,2024-01-27 14:34:41
L.K,테스트결과 원박으로 돌아간다,2024-01-27 14:34:42
류한결,수학학원임,2024-01-27 14:34:44
Gony,침하,2024-01-27 14:34:45
얍얍,은퇴식이에요? ㅠㅠ,2024-01-27 14:34:46
별임,십오야 나피디님하고 계약했나요?,2024-01-27 14:34:46
나옹이다옹,원본이 좋아 ㅎ사실 ㅋㅋ,2024-01-27 14:34:47
둘기 비,다시 원박으로 가는구나,2024-01-27 14:34:47
오입마루,원박회군 하나요?,2024-01-27 14:34:48
PoRi Han,ㅋㅋㅋㅋㅋㅋㅋㅋㅋ,2024-01-27 14:34:51
놉놉,개방장 개방장 개방장 우리 좋았잖아,2024-01-27 14:34:53
애드먼드 봉봉,와,2024-01-27 14:34:55
구차차,ㅋㅋㅋㅋㅋㅋㅋㅋㅋㅋㅋ,2024-01-27 14:34:55
이전압,뭠제요,2024-01-27 14:34:56
J J,헐,2024-01-27 14:34:56
유부우동,흑흑흑,2024-01-27 14:34:57
오라쿠,뭔데뭔데,2024-01-27 14:34:57
응,침하,2024-01-27 14:34:57
꾸이,놀래미,2024-01-27 14:34:57
이동욱,그런일이,2024-01-27 14:34:58
두부고백,우리 버리지마,2024-01-27 14:34:59
dorandoran,??,2024-01-27 14:34:59
이전압,뭔디뭔디,2024-01-27 14:34:59
L.K,회군하자,2024-01-27 14:35:01
J J,유튭잿글은 아웃이군요...,2024-01-27 14:35:02
곱창,킹 갓 전 략,2024-01-27 14:35:02
놉놉,야 ,2024-01-27 14:35:04
경운조월,유투브는 없다고요,2024-01-27 14:35:04
곱창,킹 갓 전 략!!,2024-01-27 14:35:05
SURIN,유튭 없오요,2024-01-27 14:35:05
최서영,빨리말해짱구야,2024-01-27 14:35:07
위로,헉,2024-01-27 14:35:07
차코,아조씨 하이,2024-01-27 14:35:07
구차차,유튜브 제발 껴줘,2024-01-27 14:35:07
놉놉,유튭 없다고오,2024-01-27 14:35:08
초초,유튜브 없다고,2024-01-27 14:35:08
SMIN,우리는?,2024-01-27 14:35:09
아구몬,유튜뷰는 없어,2024-01-27 14:35:09
유부우동,우리도 보여줘,2024-01-27 14:35:09
루바나,유투부는 없는뎅ㅠㅠㅠ잉잉,2024-01-27 14:35:10
이전압,가지마 ㅠ,2024-01-27 14:35:11
IamMIMI,ㄷㄱㄷㄱ,2024-01-27 14:35:11
김유현,유툽없어 ㅠㅠ,2024-01-27 14:35:11
두부고백,아니 우리 업다고 ㅠㅠ,2024-01-27 14:35:11
L.K,성계하자,2024-01-27 14:35:11
박재연,유튜브는요,2024-01-27 14:35:12
mayocat,온더케이 안보신분들 꼬옥 봐주세요..침냥이창법을 들을수있습니다,2024-01-27 14:35:12
개인,유튜브가 없는데...,2024-01-27 14:35:13
뭐랭,치마,2024-01-27 14:35:14
umhumm S,:face-purple-wide-eyes::face-purple-wide-eyes::face-purple-wide-eyes:,2024-01-27 14:35:15
구차차,부탁이야..,2024-01-27 14:35:17
놉놉,찌지직애들한테 밀림,2024-01-27 14:35:17
박진영,헉,2024-01-27 14:35:17
fewfe dldldl,내 주변은 원본 안켜진다고 하더라구요. 다들 원박으로 보던ㅋ,2024-01-27 14:35:17
위로,체팅에 유튜브가없어,2024-01-27 14:35:19
핑크아루,구독자가 늘어남,2024-01-27 14:35:19
프로트악티늄,유튜브...,2024-01-27 14:35:19
오라쿠,어?,2024-01-27 14:35:19
J J,유튜브는...,2024-01-27 14:35:19
이전압,어떤대,2024-01-27 14:35:21
젤다링크,뭔데요?,2024-01-27 14:35:22
엄Sorry,그러네 유튜브가없네,2024-01-27 14:35:23
위로,유튜브 버려?,2024-01-27 14:35:24
도톰하디와 아서병건,우리도 보여줘,2024-01-27 14:35:24
아구몬,유비맨 유튜부도 데려가,2024-01-27 14:35:24
Tomato,저희를 유기하지 말아주세요,2024-01-27 14:35:27
프로트악티늄,유튜브...,2024-01-27 14:35:27
안녕,거짓말,2024-01-27 14:35:27
최혜지,오,2024-01-27 14:35:30
KiM Hyun-woo,우리 안보임,2024-01-27 14:35:30
잠잠잠,침승상이 유투브 채팅창은 버리셨구나,2024-01-27 14:35:31
개인,실험맨ㅋㅋㅋㅋ,2024-01-27 14:35:31
애니드림,순시청자?,2024-01-27 14:35:32
Hailey,ㅊㅎ,2024-01-27 14:35:32
키위새,헮미,2024-01-27 14:35:33
지팩,유튭 버려?,2024-01-27 14:35:35
놉놉,아니 여기 사람 많다고,2024-01-27 14:35:35
Yo! Yo! Yo!,똑같은 숫자 다른 내용물 :astonished_face:,2024-01-27 14:35:35
SURIN,이미버려진...,2024-01-27 14:35:36
나민하,5도류 가자 침착맨+원박까지 ㅋㅋㅋㅋㅋㅋㅋㅋ,2024-01-27 14:35:37
AHJ,원박 +본채널 5도류 ㄷㄷㄷ,2024-01-27 14:35:38
구차차,ㅋㅋㅋㅋㅋㅋㅋㅋㅋㅋㅋㅋ침승상..,2024-01-27 14:35:38
개인,오?,2024-01-27 14:35:38
키위새,헮미,2024-01-27 14:35:38
나옹이다옹,무친 실험 ,2024-01-27 14:35:38
이전압,순시청자가 뭐야??,2024-01-27 14:35:39
둘기 비,어디가,2024-01-27 14:35:39
뽀용뽀용,유튜브 댓들도,2024-01-27 14:35:40
지팩,유튭버려?,2024-01-27 14:35:40
로뮤엘,유튜뷰 시청자ㅜ안나온다고요,2024-01-27 14:35:41
구차차,어찌하여 유튜브는 버리고 가셨소,2024-01-27 14:35:42
우주,:face-pink-tears:,2024-01-27 14:35:42
도톰하디와 아서병건,썸바디 헬미,2024-01-27 14:35:45
놉놉,유튭 데려가 개방장,2024-01-27 14:35:46
지팩,유튭버려?,2024-01-27 14:35:46
오입마루,째릿,2024-01-27 14:35:48
ㅇ_ㅇ,ㅠㅠㅠㅠㅠㅠ,2024-01-27 14:35:50
Vora Park,째려봄 ㅠ,2024-01-27 14:35:51
아구몬,유튜부 버려?,2024-01-27 14:35:52
Yeonsang Rhee,순살 시청자가 뭔데,2024-01-27 14:35:53
박진영,유루부없어,2024-01-27 14:35:54
Go hard,아 채팅창에 유튜브가없누¿??????????,2024-01-27 14:35:54
핑크아루,유튭켜주세요,2024-01-27 14:35:55
이전압,유튭댓글은 왜 안보,2024-01-27 14:35:56
김도연,아침부터 킹받는다 행복해,2024-01-27 14:35:56
박진영,우우,2024-01-27 14:35:58
umhumm S,아니 오애 유튭 버려짐 오랜만에 왔는데 ㅠ,2024-01-27 14:35:58
최서영,아이거,2024-01-27 14:35:59
ASK,찌ㅡ릿,2024-01-27 14:36:00
fewfe dldldl,오호,2024-01-27 14:36:01
르미르미,모야 모야,2024-01-27 14:36:01
구차차,유튜브 버리지말아줘 제발,2024-01-27 14:36:01
ㅇ_ㅇ,:face-pink-tears::face-pink-tears::face-pink-tears::face-pink-tears:,2024-01-27 14:36:01
H,그럼 시청시간은 줄어든거란 거잖아,2024-01-27 14:36:01
dnskal,근데 왜 유툽은 무시하는거..,2024-01-27 14:36:01
김소희,째릿,2024-01-27 14:36:03
박주형,야야 방송 시작했다 문닫아라,2024-01-27 14:36:06
jeon,층간소음 뭐야,2024-01-27 14:36:06
넝담입니다,우우우,2024-01-27 14:36:07
ㅇㅇㅇ,보다 도망갔다는뜻,2024-01-27 14:36:07
김가형,이제 하루를 시작해볼까~~!,2024-01-27 14:36:08
오라쿠,시청자 수위가 다르다고?,2024-01-27 14:36:08
Hailey,왜왜 무슨일이야,2024-01-27 14:36:08
유부우동,유튭도 보ㅓ줘,2024-01-27 14:36:08
Reenact,아 순시간?,2024-01-27 14:36:09
jeon,층간소음 나요 ,2024-01-27 14:36:09
두부고백,우리 버리지마,2024-01-27 14:36:10
위로,뼈시청자,2024-01-27 14:36:11
놉놉,ㅋㅋㅋㅋㅋㅋㅋㅋㅋㅋㅋㅋㅋㅋㅋㅋㅋㅋㅋㅋㅋㅋㅋㅋㅋㅋㅋㅋㅋㅋㅋㅋㅋㅋㅋ,2024-01-27 14:36:11
