제목,채널 명,스트리밍 시작 시간,댓글 작성자,댓글 내용,댓글 작성 시간
[🔴LIVE] 【올끌】 #무한도전 🎉추석 특집 132시간🎉 라이브스트리밍🔥🔥 2024-09-16 15:14,올끌 (All of MBClassic),2024-09-05 01:28:21Z,heb,남자는 무조건 키가 더 중요해 184 5 되는애들이 169 170 사이에있어봐 잘생기고 나발이고 그 남자다운 어깨등 그림자체가 달라,2024-09-16 15:14:56
[🔴LIVE] 【올끌】 #무한도전 🎉추석 특집 132시간🎉 라이브스트리밍🔥🔥 2024-09-16 15:14,올끌 (All of MBClassic),2024-09-05 01:28:21Z,볼빨간덕배,땅만 밟게 해주세요 ㅠㅠ,2024-09-16 15:15:02
[🔴LIVE] 【올끌】 #무한도전 🎉추석 특집 132시간🎉 라이브스트리밍🔥🔥 2024-09-16 15:14,올끌 (All of MBClassic),2024-09-05 01:28:21Z,얼굴이 개일수도 있잖아요,홍철이가 단독엠씨 잘하지 이때부터,2024-09-16 15:15:03
[🔴LIVE] 【올끌】 #무한도전 🎉추석 특집 132시간🎉 라이브스트리밍🔥🔥 2024-09-16 15:14,올끌 (All of MBClassic),2024-09-05 01:28:21Z,수영초급반거북왕,지지용 있는가,2024-09-16 15:15:03
[🔴LIVE] 【올끌】 #무한도전 🎉추석 특집 132시간🎉 라이브스트리밍🔥🔥 2024-09-16 15:14,올끌 (All of MBClassic),2024-09-05 01:28:21Z,이준서,탈락 룰이 너무웃김ㅋㅋㅋㅋㅋㅋㅋ,2024-09-16 15:15:08
[🔴LIVE] 【올끌】 #무한도전 🎉추석 특집 132시간🎉 라이브스트리밍🔥🔥 2024-09-16 15:14,올끌 (All of MBClassic),2024-09-05 01:28:21Z,아잉S2,난 닥후,2024-09-16 15:15:08
[🔴LIVE] 【올끌】 #무한도전 🎉추석 특집 132시간🎉 라이브스트리밍🔥🔥 2024-09-16 15:14,올끌 (All of MBClassic),2024-09-05 01:28:21Z,보리보리,172면 그렇게 하자없어 얼굴 잘생기면 더더욱,2024-09-16 15:15:15
[🔴LIVE] 【올끌】 #무한도전 🎉추석 특집 132시간🎉 라이브스트리밍🔥🔥 2024-09-16 15:14,올끌 (All of MBClassic),2024-09-05 01:28:21Z,ᄒᄒ,알로하~~~~,2024-09-16 15:15:28
[🔴LIVE] 【올끌】 #무한도전 🎉추석 특집 132시간🎉 라이브스트리밍🔥🔥 2024-09-16 15:14,올끌 (All of MBClassic),2024-09-05 01:28:21Z,MA KU,172에 존잘이면 딱 김인호인데,2024-09-16 15:15:36
[🔴LIVE] 【올끌】 #무한도전 🎉추석 특집 132시간🎉 라이브스트리밍🔥🔥 2024-09-16 15:14,올끌 (All of MBClassic),2024-09-05 01:28:21Z,주냥이,송승헌이 그렇게 잘생겼다는데,2024-09-16 15:15:42
